"","Participant","tap_or_trill","p_val","df","t_val","estimate","ci_lo","ci_hi","task"
"df","P1E","tap",0.0192579629434294,66,-2.39930148160443,-6.14925373134328,-11.2663185509339,-1.03218891175264,"srt"
"df1","P1E","trill",4.34386737858911e-06,47,-5.19459798502706,-31.0208333333333,-43.0344419641079,-19.0072247025587,"srt"
"df2","P3E","tap",6.77917890119896e-10,58,-7.37833442930067,-36.1016949152542,-45.8959641519756,-26.3074256785329,"srt"
"df3","P3E","trill",8.84925064865994e-24,46,19.3977837999039,109,97.689139824143,120.310860175857,"srt"
"df4","P5E","tap",0.246213653813946,60,1.17103706098879,1.59016393442623,-1.12606218739492,4.30639005624738,"srt"
"df5","P5E","trill",0.102409029796274,45,1.66725770244417,5.82608695652174,-1.21202206876128,12.8641959818048,"srt"
