"","Participant","tap_or_trill","p_val","df","t_val","estimate","ci_lo","ci_hi","task"
"df","P1E","tap",7.21270730810375e-36,62,-26.8738972111333,-29.7301587301587,-31.9415886553222,-27.5187288049952,"srt"
"df1","P1E","trill",0.60617052932391,49,0.518893806018664,1.24,-3.56227989838566,6.04227989838566,"srt"
"df2","P2E","tap",1.54372292165011e-15,65,-10.4431469038035,-9.01515151515152,-10.7392008851981,-7.2911021451049,"srt"
"df3","P2E","trill",6.4884550133309e-20,48,15.1473634953185,63.2040816326531,54.814481462722,71.5936818025841,"srt"
