"","Participant","tap_or_trill","p_val","df","t_val","estimate","ci_lo","ci_hi","task"
"df","P1E","tap",5.68071780602789e-21,65,-13.7894224554927,-20.8787878787879,-23.9026867323177,-17.8548890252581,"srt"
"df1","P1E","trill",4.37749342533545e-29,49,24.41986889608,78.48,72.0216743930505,84.9383256069495,"srt"
"df2","P2E","tap",2.45460587813531e-10,66,-7.45952138491194,-24.6865671641791,-31.2940047037738,-18.0791296245844,"srt"
"df3","P2E","trill",6.63113258840392e-12,48,9.01981908713847,50.1632653061224,38.9812223176734,61.3453082945715,"srt"
"df4","P3E","tap",2.15336706856901e-17,66,-11.4875200895479,-10.3731343283582,-12.1760152592788,-8.57025339743764,"srt"
"df5","P3E","trill",7.45413315576082e-09,49,6.96730722098671,31.66,22.5283297593268,40.7916702406732,"srt"
